epoch_ms,latency_ms,status,error
1779573337957,38,ok,
1779573338200,21,ok,
1779573338426,20,ok,
1779573338651,21,ok,
1779573338877,21,ok,
1779573339103,23,ok,
1779573339331,19,ok,
1779573339555,20,ok,
1779573339780,27,ok,
1779573340012,20,ok,
1779573340238,19,ok,
1779573340462,19,ok,
1779573340687,17,ok,
1779573340909,19,ok,
1779573341133,28,ok,
1779573341367,18,ok,
1779573341590,26,ok,
1779573341821,21,ok,
1779573342048,18,ok,
1779573342271,18,ok,
1779573342495,19,ok,
1779573342719,20,ok,
1779573342944,21,ok,
1779573343171,21,ok,
1779573343397,35,ok,
1779573343637,18,ok,
1779573343861,20,ok,
1779573344086,23,ok,
1779573344315,23,ok,
1779573344544,21,ok,
1779573344770,20,ok,
1779573344996,21,ok,
1779573345224,21,ok,
1779573345450,19,ok,
1779573345675,32,ok,
1779573345912,17,ok,
1779573346134,18,ok,
1779573346357,21,ok,
1779573346583,21,ok,
1779573346809,19,ok,
1779573347033,18,ok,
1779573347256,27,ok,
1779573347488,53,ok,
1779573347747,24,ok,
1779573347977,18,ok,
1779573348201,32,ok,
1779573348439,17,ok,
1779573348661,18,ok,
1779573348884,22,ok,
1779573349111,27,ok,
1779573349344,20,ok,
1779573349569,24,ok,
1779573349798,25,ok,
1779573350028,18,ok,
1779573350251,19,ok,
1779573350475,19,ok,
1779573350699,25,ok,
1779573350929,19,ok,
1779573351153,19,ok,
1779573351377,26,ok,
1779573351608,17,ok,
1779573351831,19,ok,
1779573352055,20,ok,
1779573352280,21,ok,
1779573352507,18,ok,
1779573352731,16,ok,
1779573352953,24,ok,
1779573353182,23,ok,
1779573353410,21,ok,
1779573353637,20,ok,
1779573353862,36,ok,
1779573354103,17,ok,
1779573354325,18,ok,
1779573354548,21,ok,
1779573354775,18,ok,
1779573354998,20,ok,
1779573355223,20,ok,
1779573355449,20,ok,
1779573355675,33,ok,
1779573355914,20,ok,
1779573356139,23,ok,
1779573356367,26,ok,
1779573356598,19,ok,
1779573356823,16,ok,
1779573357045,26,ok,
1779573357276,38,ok,
1779573357519,19,ok,
1779573357744,19,ok,
1779573357968,23,ok,
1779573358197,19,ok,
1779573358421,20,ok,
1779573358647,17,ok,
1779573358870,27,ok,
1779573359103,22,ok,
1779573359330,20,ok,
1779573359556,16,ok,
1779573359777,20,ok,
1779573360003,21,ok,
1779573360230,17,ok,
1779573360452,17,ok,
1779573360674,19,ok,
1779573360899,22,ok,
1779573361126,18,ok,
1779573361349,17,ok,
1779573361572,23,ok,
1779573361800,21,ok,
1779573362025,20,ok,
1779573362251,15,ok,
1779573362471,18,ok,
1779573362694,22,ok,
1779573362922,18,ok,
1779573363146,21,ok,
1779573363372,23,ok,
1779573363601,21,ok,
1779573363828,19,ok,
1779573364053,19,ok,
1779573364278,24,ok,
1779573364508,23,ok,
1779573364737,20,ok,
1779573364962,24,ok,
1779573365192,22,ok,
1779573365420,24,ok,
1779573365649,23,ok,
1779573365878,22,ok,
1779573366105,20,ok,
1779573366330,18,ok,
1779573366554,20,ok,
1779573366780,18,ok,
1779573367004,19,ok,
1779573367228,22,ok,
1779573367455,19,ok,
1779573367679,16,ok,
1779573367901,17,ok,
1779573368123,32,ok,
1779573368360,20,ok,
1779573368586,17,ok,
1779573368808,21,ok,
1779573369034,18,ok,
1779573369256,29,ok,
1779573369491,23,ok,
1779573369719,19,ok,
1779573369942,17,ok,
1779573370164,20,ok,
1779573370389,19,ok,
1779573370613,25,ok,
1779573370843,26,ok,
1779573371076,22,ok,
1779573371304,22,ok,
1779573371532,21,ok,
1779573371759,20,ok,
1779573371985,16,ok,
1779573372206,19,ok,
1779573372430,22,ok,
1779573372658,20,ok,
1779573372883,18,ok,
1779573373106,17,ok,
1779573373329,28,ok,
1779573373563,22,ok,
1779573373789,18,ok,
1779573374012,19,ok,
1779573374236,17,ok,
1779573374458,16,ok,
1779573374679,17,ok,
1779573374902,19,ok,
1779573375127,28,ok,
1779573375359,18,ok,
1779573375582,16,ok,
1779573375803,27,ok,
1779573376035,24,ok,
1779573376264,17,ok,
1779573376487,21,ok,
1779573376713,18,ok,
1779573376937,20,ok,
1779573377162,19,ok,
1779573377386,23,ok,
1779573377614,17,ok,
1779573377836,21,ok,
1779573378062,19,ok,
1779573378286,29,ok,
1779573378520,19,ok,
1779573378745,23,ok,
1779573378974,22,ok,
1779573379201,21,ok,
1779573379428,17,ok,
1779573379650,24,ok,
1779573379879,21,ok,
1779573380105,18,ok,
1779573380329,16,ok,
1779573380550,20,ok,
1779573380776,23,ok,
1779573381004,20,ok,
1779573381230,22,ok,
1779573381457,27,ok,
1779573381689,19,ok,
1779573381913,19,ok,
1779573382138,17,ok,
1779573382361,27,ok,
1779573382593,16,ok,
1779573382815,21,ok,
1779573383041,17,ok,
1779573383262,19,ok,
1779573383486,19,ok,
1779573383710,18,ok,
1779573383934,20,ok,
1779573384162,34,ok,
1779573384404,22,ok,
1779573384631,19,ok,
1779573384855,21,ok,
1779573385081,17,ok,
1779573385304,19,ok,
1779573385529,19,ok,
1779573385753,18,ok,
1779573385976,21,ok,
1779573386203,23,ok,
1779573386431,26,ok,
1779573386662,17,ok,
1779573386884,18,ok,
1779573387107,22,ok,
1779573387335,18,ok,
1779573387558,19,ok,
1779573387782,18,ok,
1779573388006,20,ok,
1779573388234,25,ok,
1779573388464,28,ok,
1779573388697,21,ok,
1779573388924,18,ok,
1779573389147,18,ok,
1779573389370,31,ok,
1779573389607,21,ok,
1779573389833,18,ok,
1779573390056,20,ok,
1779573390282,23,ok,
1779573390510,18,ok,
1779573390733,25,ok,
1779573390963,21,ok,
1779573391189,25,ok,
1779573391420,16,ok,
1779573391641,22,ok,
1779573391869,25,ok,
1779573392100,21,ok,
1779573392327,25,ok,
1779573392557,21,ok,
1779573392784,16,ok,
1779573393005,19,ok,
1779573393229,22,ok,
1779573393457,18,ok,
1779573393680,17,ok,
1779573393903,20,ok,
1779573394128,21,ok,
1779573394354,22,ok,
1779573394582,22,ok,
1779573394809,21,ok,
1779573395035,33,ok,
1779573395274,20,ok,
1779573395500,18,ok,
1779573395723,17,ok,
1779573395945,15,ok,
1779573396165,30,ok,
1779573396402,18,ok,
1779573396625,18,ok,
1779573396849,17,ok,
1779573397071,19,ok,
1779573397295,31,ok,
1779573397531,18,ok,
1779573397754,19,ok,
1779573397978,20,ok,
1779573398204,39,ok,
1779573398449,17,ok,
1779573398672,19,ok,
1779573398896,17,ok,
1779573399118,20,ok,
1779573399343,23,ok,
1779573399571,18,ok,
1779573399793,21,ok,
1779573400020,18,ok,
1779573400243,20,ok,
1779573400468,19,ok,
1779573400693,19,ok,
1779573400917,18,ok,
1779573401141,19,ok,
1779573401366,20,ok,
1779573401592,27,ok,
1779573401824,19,ok,
1779573402048,19,ok,
1779573402272,25,ok,
1779573402502,22,ok,
1779573402729,18,ok,
1779573402952,20,ok,
1779573403177,19,ok,
1779573403401,17,ok,
1779573403624,19,ok,
1779573403849,16,ok,
1779573404071,18,ok,
1779573404294,17,ok,
1779573404516,18,ok,
1779573404740,23,ok,
1779573404968,17,ok,
1779573405190,23,ok,
1779573405418,17,ok,
1779573405641,21,ok,
1779573405875,17,ok,
1779573406097,17,ok,
1779573406319,21,ok,
1779573406545,19,ok,
1779573406770,25,ok,
1779573407000,18,ok,
1779573407223,25,ok,
1779573407453,22,ok,
1779573407681,17,ok,
1779573407903,23,ok,
1779573408132,25,ok,
1779573408362,24,ok,
1779573408591,19,ok,
1779573408816,18,ok,
1779573409039,18,ok,
1779573409262,27,ok,
1779573409494,23,ok,
1779573409722,18,ok,
1779573409944,16,ok,
1779573410166,21,ok,
1779573410392,21,ok,
1779573410618,24,ok,
1779573410847,17,ok,
1779573411070,18,ok,
1779573411293,20,ok,
1779573411518,17,ok,
1779573411740,17,ok,
1779573411962,16,ok,
1779573412183,22,ok,
1779573412410,19,ok,
1779573412634,18,ok,
1779573412857,20,ok,
1779573413083,19,ok,
1779573413308,18,ok,
1779573413532,17,ok,
1779573413755,20,ok,
1779573413980,22,ok,
1779573414207,23,ok,
1779573414437,17,ok,
1779573414659,21,ok,
1779573414885,21,ok,
1779573415111,19,ok,
1779573415335,18,ok,
1779573415559,27,ok,
1779573415791,19,ok,
1779573416016,15,ok,
1779573416236,19,ok,
1779573416461,21,ok,
1779573416688,17,ok,
1779573416910,16,ok,
1779573417132,21,ok,
1779573417359,20,ok,
1779573417583,17,ok,
1779573417806,17,ok,
1779573418031,24,ok,
1779573418260,19,ok,
1779573418484,17,ok,
1779573418707,21,ok,
1779573418934,22,ok,
1779573419161,18,ok,
1779573419384,31,ok,
1779573419620,18,ok,
1779573419843,16,ok,
1779573420064,19,ok,
1779573420288,18,ok,
1779573420511,24,ok,
1779573420740,21,ok,
1779573420967,17,ok,
1779573421189,17,ok,
1779573421411,23,ok,
1779573421639,20,ok,
1779573421864,20,ok,
1779573422089,20,ok,
1779573422315,21,ok,
1779573422542,17,ok,
1779573422764,21,ok,
1779573422990,23,ok,
1779573423219,17,ok,
1779573423442,18,ok,
1779573423665,21,ok,
1779573423891,20,ok,
1779573424116,18,ok,
1779573424339,16,ok,
1779573424560,21,ok,
1779573424787,19,ok,
1779573425011,19,ok,
1779573425236,17,ok,
1779573425458,20,ok,
1779573425683,22,ok,
1779573425911,23,ok,
1779573426139,17,ok,
1779573426361,20,ok,
1779573426586,18,ok,
1779573426809,22,ok,
1779573427036,28,ok,
1779573427269,19,ok,
1779573427493,19,ok,
1779573427717,22,ok,
1779573427944,23,ok,
1779573428172,18,ok,
1779573428395,32,ok,
1779573428632,19,ok,
1779573428857,21,ok,
1779573429083,21,ok,
1779573429310,18,ok,
1779573429533,18,ok,
1779573429757,20,ok,
1779573429981,22,ok,
1779573430209,22,ok,
1779573430436,17,ok,
1779573430657,19,ok,
1779573430882,17,ok,
1779573431105,21,ok,
1779573431331,19,ok,
1779573431555,19,ok,
1779573431779,23,ok,
1779573432007,21,ok,
1779573432234,19,ok,
1779573432458,21,ok,
1779573432684,20,ok,
1779573432910,18,ok,
1779573433133,20,ok,
1779573433358,16,ok,
1779573433579,19,ok,
1779573433803,19,ok,
1779573434028,25,ok,
1779573434258,17,ok,
1779573434480,20,ok,
1779573434705,23,ok,
1779573434933,23,ok,
1779573435161,18,ok,
1779573435384,21,ok,
1779573435611,17,ok,
1779573435835,24,ok,
1779573436064,21,ok,
1779573436290,25,ok,
1779573436520,19,ok,
1779573436744,22,ok,
1779573436972,19,ok,
1779573437196,18,ok,
1779573437420,21,ok,
1779573437646,17,ok,
1779573437868,18,ok,
1779573438091,19,ok,
1779573438315,18,ok,
1779573438539,20,ok,
1779573438764,21,ok,
1779573438990,23,ok,
1779573439219,17,ok,
1779573439442,18,ok,
1779573439665,22,ok,
1779573439892,16,ok,
1779573440114,18,ok,
1779573440337,19,ok,
1779573440562,26,ok,
1779573440794,18,ok,
1779573441017,19,ok,
1779573441241,18,ok,
1779573441464,25,ok,
1779573441694,17,ok,
1779573441916,19,ok,
1779573442141,26,ok,
1779573442373,23,ok,
1779573442602,16,ok,
1779573442824,19,ok,
1779573443049,29,ok,
1779573443283,17,ok,
1779573443506,19,ok,
1779573443730,21,ok,
1779573443957,22,ok,
1779573444191,28,ok,
1779573444423,20,ok,
1779573444648,23,ok,
1779573444877,19,ok,
1779573445102,21,ok,
1779573445329,20,ok,
1779573445554,24,ok,
1779573445784,17,ok,
1779573446006,16,ok,
1779573446227,21,ok,
1779573446453,23,ok,
1779573446681,22,ok,
1779573446910,17,ok,
1779573447132,20,ok,
1779573447358,16,ok,
1779573447579,20,ok,
1779573447804,17,ok,
1779573448027,49,ok,
1779573448282,20,ok,
1779573448507,18,ok,
1779573448730,17,ok,
1779573448952,18,ok,
1779573449175,16,ok,
1779573449396,19,ok,
1779573449619,17,ok,
1779573449842,15,ok,
1779573450062,18,ok,
1779573450284,21,ok,
1779573450510,19,ok,
1779573450734,25,ok,
1779573450964,26,ok,
1779573451195,24,ok,
1779573451424,16,ok,
1779573451646,23,ok,
1779573451874,23,ok,
1779573452102,22,ok,
1779573452329,17,ok,
1779573452550,27,ok,
1779573452782,16,ok,
1779573453004,20,ok,
1779573453230,18,ok,
1779573453454,17,ok,
1779573453676,27,ok,
1779573453908,22,ok,
1779573454136,17,ok,
1779573454358,19,ok,
1779573454582,23,ok,
1779573454810,24,ok,
1779573455039,25,ok,
1779573455270,17,ok,
1779573455492,18,ok,
1779573455716,16,ok,
1779573455938,28,ok,
1779573456171,29,ok,
1779573456407,20,ok,
1779573456632,19,ok,
1779573456856,20,ok,
1779573457082,22,ok,
1779573457310,20,ok,
1779573457536,20,ok,
1779573457761,21,ok,
1779573457987,18,ok,
1779573458211,19,ok,
1779573458436,35,ok,
1779573458677,27,ok,
1779573458910,25,ok,
1779573459141,22,ok,
1779573459368,18,ok,
1779573459591,19,ok,
1779573459815,19,ok,
1779573460040,23,ok,
1779573460269,19,ok,
1779573460493,19,ok,
1779573460717,20,ok,
1779573460942,20,ok,
1779573461168,18,ok,
1779573461392,18,ok,
1779573461616,22,ok,
1779573461843,23,ok,
1779573462071,23,ok,
1779573462299,21,ok,
1779573462525,16,ok,
1779573462747,19,ok,
1779573462971,21,ok,
1779573463197,21,ok,
1779573463424,18,ok,
1779573463647,20,ok,
1779573463873,18,ok,
1779573464096,20,ok,
1779573464321,17,ok,
1779573464543,18,ok,
1779573464766,23,ok,
1779573464994,23,ok,
1779573465223,21,ok,
1779573465450,17,ok,
1779573465672,25,ok,
1779573465903,22,ok,
1779573466130,16,ok,
1779573466352,20,ok,
1779573466577,16,ok,
1779573466799,22,ok,
1779573467026,22,ok,
1779573467253,16,ok,
1779573467474,27,ok,
1779573467707,21,ok,
1779573467933,22,ok,
1779573468160,18,ok,
1779573468384,16,ok,
1779573468605,20,ok,
1779573468831,30,ok,
1779573469066,25,ok,
1779573469296,14,ok,
1779573469515,21,ok,
1779573469741,23,ok,
1779573469969,21,ok,
1779573470195,18,ok,
1779573470419,17,ok,
1779573470641,18,ok,
1779573470864,27,ok,
1779573471095,17,ok,
1779573471317,20,ok,
1779573471542,20,ok,
1779573471768,20,ok,
1779573471993,24,ok,
1779573472222,19,ok,
1779573472446,16,ok,
1779573472667,30,ok,
1779573472902,23,ok,
1779573473131,17,ok,
1779573473353,20,ok,
1779573473579,18,ok,
1779573473803,21,ok,
1779573474030,18,ok,
1779573474253,18,ok,
1779573474477,19,ok,
1779573474702,20,ok,
1779573474927,20,ok,
1779573475153,18,ok,
1779573475377,19,ok,
1779573475601,21,ok,
1779573475828,23,ok,
1779573476057,19,ok,
1779573476281,25,ok,
1779573476512,23,ok,
1779573476740,18,ok,
1779573476964,15,ok,
1779573477184,18,ok,
1779573477407,20,ok,
1779573477632,17,ok,
1779573477855,21,ok,
1779573478081,19,ok,
1779573478305,24,ok,
1779573478535,17,ok,
1779573478757,21,ok,
1779573478982,18,ok,
1779573479205,20,ok,
1779573479430,18,ok,
1779573479653,20,ok,
1779573479878,17,ok,
1779573480100,18,ok,
1779573480324,40,ok,
1779573480570,18,ok,
1779573480793,19,ok,
1779573481017,18,ok,
1779573481240,21,ok,
1779573481466,20,ok,
1779573481692,17,ok,
1779573481915,20,ok,
1779573482140,19,ok,
1779573482365,19,ok,
1779573482589,21,ok,
1779573482815,24,ok,
1779573483044,26,ok,
1779573483276,21,ok,
1779573483502,20,ok,
1779573483727,23,ok,
1779573483956,18,ok,
1779573484180,16,ok,
1779573484402,18,ok,
1779573484625,28,ok,
1779573484858,17,ok,
1779573485080,18,ok,
1779573485304,24,ok,
1779573485534,16,ok,
1779573485756,17,ok,
1779573485979,18,ok,
1779573486204,26,ok,
1779573486436,18,ok,
1779573486659,18,ok,
1779573486883,18,ok,
1779573487106,21,ok,
1779573487333,19,ok,
1779573487558,19,ok,
1779573487782,25,ok,
1779573488013,19,ok,
1779573488242,39,ok,
1779573488487,35,ok,
1779573488728,22,ok,
1779573488957,19,ok,
1779573489181,19,ok,
1779573489404,19,ok,
1779573489628,27,ok,
1779573489860,16,ok,
1779573490082,20,ok,
1779573490307,25,ok,
1779573490538,21,ok,
1779573490764,18,ok,
1779573490987,19,ok,
1779573491211,22,ok,
1779573491438,25,ok,
1779573491669,20,ok,
1779573491894,24,ok,
1779573492124,17,ok,
1779573492347,16,ok,
1779573492568,25,ok,
1779573492799,21,ok,
1779573493026,18,ok,
1779573493249,30,ok,
1779573493484,25,ok,
1779573493714,18,ok,
1779573493936,18,ok,
1779573494159,19,ok,
1779573494383,24,ok,
1779573494612,24,ok,
1779573494843,16,ok,
1779573495064,19,ok,
1779573495288,20,ok,
1779573495513,19,ok,
1779573495737,17,ok,
1779573495959,15,ok,
1779573496179,16,ok,
1779573496401,18,ok,
1779573496624,16,ok,
1779573496845,16,ok,
1779573497066,17,ok,
1779573497288,19,ok,
1779573497513,17,ok,
1779573497735,16,ok,
1779573497956,19,ok,
1779573498181,20,ok,
1779573498406,21,ok,
1779573498632,26,ok,
1779573498864,21,ok,
1779573499091,17,ok,
1779573499314,19,ok,
1779573499538,24,ok,
1779573499767,19,ok,
1779573499992,19,ok,
1779573500217,21,ok,
1779573500444,20,ok,
1779573500670,22,ok,
1779573500898,20,ok,
1779573501123,20,ok,
1779573501348,19,ok,
1779573501572,19,ok,
1779573501797,15,ok,
1779573502018,19,ok,
1779573502243,18,ok,
1779573502466,21,ok,
1779573502693,16,ok,
1779573502915,17,ok,
1779573503137,14,ok,
1779573503356,19,ok,
1779573503580,20,ok,
1779573503805,15,ok,
1779573504025,16,ok,
1779573504247,21,ok,
1779573504473,20,ok,
1779573504699,18,ok,
1779573504922,17,ok,
1779573505144,19,ok,
1779573505368,19,ok,
1779573505592,19,ok,
1779573505816,22,ok,
1779573506043,17,ok,
1779573506265,23,ok,
1779573506493,25,ok,
1779573506724,19,ok,
1779573506949,16,ok,
1779573507171,16,ok,
1779573507392,23,ok,
1779573507619,22,ok,
1779573507846,17,ok,
1779573508068,19,ok,
1779573508292,34,ok,
1779573508532,31,ok,
1779573508769,25,ok,
1779573508999,18,ok,
1779573509222,21,ok,
1779573509448,23,ok,
1779573509677,21,ok,
1779573509904,19,ok,
1779573510128,19,ok,
1779573510353,16,ok,
1779573510575,24,ok,
1779573510804,21,ok,
1779573511031,17,ok,
1779573511254,18,ok,
1779573511477,27,ok,
1779573511711,22,ok,
1779573511938,17,ok,
1779573512159,17,ok,
1779573512382,19,ok,
1779573512606,23,ok,
1779573512834,17,ok,
1779573513056,26,ok,
1779573513287,16,ok,
1779573513508,26,ok,
1779573513739,26,ok,
1779573513970,21,ok,
1779573514196,17,ok,
1779573514419,19,ok,
1779573514643,23,ok,
1779573514871,17,ok,
1779573515093,19,ok,
1779573515317,22,ok,
1779573515544,22,ok,
1779573515771,16,ok,
1779573515994,22,ok,
1779573516221,20,ok,
1779573516446,18,ok,
1779573516669,23,ok,
1779573516897,17,ok,
1779573517120,17,ok,
1779573517342,24,ok,
1779573517571,19,ok,
1779573517795,17,ok,
1779573518019,22,ok,
1779573518246,24,ok,
1779573518475,22,ok,
1779573518703,31,ok,
1779573518938,16,ok,
1779573519160,19,ok,
1779573519385,24,ok,
1779573519615,20,ok,
1779573519841,26,ok,
1779573520072,23,ok,
1779573520300,23,ok,
1779573520528,22,ok,
1779573520756,22,ok,
1779573520983,16,ok,
1779573521204,20,ok,
1779573521430,22,ok,
1779573521657,23,ok,
1779573521886,19,ok,
1779573522110,19,ok,
1779573522334,28,ok,
1779573522567,24,ok,
1779573522796,16,ok,
1779573523016,17,ok,
1779573523238,24,ok,
1779573523467,17,ok,
1779573523690,19,ok,
1779573523915,24,ok,
1779573524144,19,ok,
1779573524368,25,ok,
1779573524599,26,ok,
1779573524830,18,ok,
1779573525053,18,ok,
1779573525276,18,ok,
1779573525499,18,ok,
1779573525722,19,ok,
1779573525946,19,ok,
1779573526172,16,ok,
1779573526393,17,ok,
1779573526615,19,ok,
1779573526840,21,ok,
1779573527067,18,ok,
1779573527290,26,ok,
1779573527521,22,ok,
1779573527748,21,ok,
1779573527974,19,ok,
1779573528199,18,ok,
1779573528423,17,ok,
1779573528645,21,ok,
1779573528871,17,ok,
1779573529093,18,ok,
1779573529316,25,ok,
1779573529547,28,ok,
1779573529781,17,ok,
1779573530002,17,ok,
1779573530224,22,ok,
1779573530451,19,ok,
1779573530675,25,ok,
1779573530905,18,ok,
1779573531129,37,ok,
1779573531374,18,ok,
1779573531597,30,ok,
1779573531832,22,ok,
1779573532059,20,ok,
1779573532286,19,ok,
1779573532510,17,ok,
1779573532732,24,ok,
1779573532962,20,ok,
1779573533187,18,ok,
1779573533410,18,ok,
1779573533635,28,ok,
1779573533868,19,ok,
1779573534093,17,ok,
1779573534315,19,ok,
1779573534539,15,ok,
1779573534761,29,ok,
1779573534996,19,ok,
1779573535221,20,ok,
1779573535447,16,ok,
1779573535669,21,ok,
1779573535895,21,ok,
1779573536122,19,ok,
1779573536347,20,ok,
1779573536572,24,ok,
1779573536802,18,ok,
1779573537026,23,ok,
1779573537255,20,ok,
1779573537480,18,ok,
1779573537703,21,ok,
1779573537929,16,ok,
1779573538151,21,ok,
1779573538377,17,ok,
1779573538599,23,ok,
1779573538827,13,ok,
1779573539044,2003,error,SET rc=124: 
1779573541252,24,ok,
1779573541482,21,ok,
1779573541709,21,ok,
1779573541936,2005,error,SET rc=124: 
1779573544147,18,ok,
1779573544373,20,ok,
1779573544598,25,ok,
1779573544828,2003,error,SET rc=124: 
1779573547037,25,ok,
1779573547268,18,mismatch,expected 1779573547268  got CLUSTERDOWN The cluster is down
1779573547491,23,ok,
1779573547719,20,ok,
1779573547945,20,ok,
1779573548170,22,mismatch,expected 1779573548170  got CLUSTERDOWN The cluster is down
1779573548397,16,ok,
1779573548618,20,ok,
1779573548843,29,ok,
1779573549078,21,mismatch,expected 1779573549078  got CLUSTERDOWN The cluster is down
1779573549304,20,ok,
1779573549530,19,ok,
1779573549755,16,ok,
1779573549976,19,ok,
1779573550200,20,ok,
1779573550425,18,ok,
1779573550648,18,ok,
1779573550871,21,ok,
1779573551097,19,ok,
1779573551321,19,ok,
1779573551545,21,ok,
1779573551772,21,ok,
1779573551998,20,ok,
1779573552224,22,ok,
1779573552452,19,ok,
1779573552677,20,ok,
1779573552902,24,ok,
1779573553132,19,ok,
1779573553356,16,ok,
1779573553577,25,ok,
1779573553807,25,ok,
1779573554038,18,ok,
1779573554261,20,ok,
1779573554486,19,ok,
1779573554710,19,ok,
1779573554934,21,ok,
1779573555160,22,ok,
1779573555387,23,ok,
1779573555615,22,ok,
1779573555842,24,ok,
1779573556072,20,ok,
1779573556297,23,ok,
1779573556525,18,ok,
1779573556748,18,ok,
1779573556972,26,ok,
1779573557204,19,ok,
1779573557428,24,ok,
1779573557657,22,ok,
1779573557884,22,ok,
1779573558112,19,ok,
1779573558337,19,ok,
1779573558562,19,ok,
1779573558786,21,ok,
1779573559012,18,ok,
1779573559235,18,ok,
1779573559459,21,ok,
1779573559685,21,ok,
1779573559912,21,ok,
1779573560138,18,ok,
1779573560361,23,ok,
1779573560589,18,ok,
1779573560813,20,ok,
1779573561038,19,ok,
1779573561262,20,ok,
1779573561488,19,ok,
1779573561713,22,ok,
1779573561940,18,ok,
1779573562163,19,ok,
1779573562388,17,ok,
1779573562610,24,ok,
1779573562840,21,ok,
1779573563067,16,ok,
1779573563288,18,ok,
1779573563512,20,ok,
1779573563738,20,ok,
1779573563964,21,ok,
1779573564194,47,ok,
1779573564448,20,ok,
1779573564673,19,ok,
1779573564898,20,ok,
1779573565123,19,ok,
1779573565347,17,ok,
1779573565569,18,ok,
1779573565792,20,ok,
1779573566017,22,ok,
1779573566243,19,ok,
1779573566467,17,ok,
1779573566690,19,ok,
1779573566915,23,ok,
1779573567143,18,ok,
1779573567366,22,ok,
1779573567593,20,ok,
1779573567819,22,ok,
1779573568046,21,ok,
1779573568272,18,ok,
1779573568495,22,ok,
1779573568722,20,ok,
1779573568947,19,ok,
1779573569171,19,ok,
1779573569396,20,ok,
1779573569622,19,ok,
1779573569847,20,ok,
1779573570073,18,ok,
1779573570297,19,ok,
1779573570521,19,ok,
1779573570745,22,ok,
1779573570972,20,ok,
1779573571198,22,ok,
1779573571426,17,ok,
1779573571648,20,ok,
1779573571874,21,ok,
1779573572100,19,ok,
1779573572325,22,ok,
1779573572553,18,ok,
1779573572777,20,ok,
1779573573003,21,ok,
1779573573230,21,ok,
1779573573457,24,ok,
1779573573687,20,ok,
1779573573913,20,ok,
1779573574139,20,ok,
1779573574365,17,ok,
1779573574588,19,ok,
1779573574812,19,ok,
1779573575037,23,ok,
1779573575267,19,ok,
1779573575491,17,ok,
1779573575714,22,ok,
1779573575941,17,ok,
1779573576163,18,ok,
1779573576386,18,ok,
1779573576609,21,ok,
1779573576836,23,ok,
1779573577064,16,ok,
1779573577286,18,ok,
1779573577509,21,ok,
1779573577736,23,ok,
1779573577964,17,ok,
1779573578187,25,ok,
1779573578418,16,ok,
1779573578639,22,ok,
1779573578870,30,ok,
1779573579106,23,ok,
1779573579334,20,ok,
1779573579559,19,ok,
1779573579783,20,ok,
1779573580008,18,ok,
1779573580231,19,ok,
1779573580456,20,ok,
1779573580681,21,ok,
1779573580908,21,ok,
1779573581134,20,ok,
1779573581361,19,ok,
1779573581586,22,ok,
1779573581814,19,ok,
1779573582038,21,ok,
1779573582265,21,ok,
1779573582491,20,ok,
1779573582716,22,ok,
1779573582943,17,ok,
1779573583166,22,ok,
1779573583393,21,ok,
1779573583620,18,ok,
1779573583843,21,ok,
1779573584069,20,ok,
1779573584294,19,ok,
1779573584519,17,ok,
1779573584741,20,ok,
1779573584966,22,ok,
1779573585194,20,ok,
1779573585419,18,ok,
1779573585642,23,ok,
1779573585874,33,ok,
1779573586112,17,ok,
1779573586334,17,ok,
1779573586557,21,ok,
1779573586784,23,ok,
1779573587013,16,ok,
1779573587233,2003,error,SET rc=124: 
1779573589440,20,ok,
1779573589663,19,ok,
1779573589886,18,ok,
1779573590108,28,ok,
1779573590341,2002,error,SET rc=124: 
1779573592547,17,ok,
1779573592768,16,ok,
1779573592988,15,ok,
1779573593209,2003,error,SET rc=124: 
1779573595416,20,ok,
1779573595640,18,ok,
1779573595863,18,ok,
1779573596085,16,ok,
1779573596305,15,ok,
1779573596524,17,ok,
1779573596745,17,ok,
1779573596966,15,ok,
1779573597184,14,ok,
1779573597402,16,ok,
1779573597623,17,ok,
1779573597844,12,ok,
1779573598060,13,ok,
1779573598277,14,ok,
1779573598495,15,ok,
1779573598713,15,ok,
1779573598932,16,ok,
1779573599151,16,ok,
1779573599371,14,ok,
1779573599589,14,ok,
1779573599807,17,ok,
1779573600028,16,ok,
1779573600248,17,ok,
1779573600469,18,ok,
1779573600691,13,ok,
1779573600908,14,ok,
1779573601126,17,ok,
1779573601347,20,ok,
1779573601571,13,ok,
1779573601787,14,ok,
1779573602006,16,ok,
1779573602226,17,ok,
1779573602447,15,ok,
1779573602666,14,ok,
1779573602884,16,ok,
1779573603104,16,ok,
1779573603324,17,ok,
1779573603545,16,ok,
1779573603765,16,ok,
1779573603985,15,ok,
1779573604204,14,ok,
1779573604422,13,ok,
1779573604638,18,ok,
1779573604860,14,ok,
1779573605078,16,ok,
1779573605298,15,ok,
1779573605518,15,ok,
1779573605736,20,ok,
1779573605960,18,ok,
1779573606183,23,ok,
1779573606412,14,ok,
1779573606630,15,ok,
1779573606849,15,ok,
1779573607067,14,ok,
1779573607285,13,ok,
1779573607502,14,ok,
1779573607720,18,ok,
1779573607942,14,ok,
1779573608160,16,ok,
1779573608379,20,ok,
1779573608603,16,ok,
1779573608824,13,ok,
1779573609042,25,ok,
1779573609272,18,ok,
1779573609494,15,ok,
1779573609713,13,ok,
1779573609930,14,ok,
1779573610148,14,ok,
1779573610366,18,ok,
1779573610588,16,ok,
1779573610808,16,ok,
1779573611028,16,ok,
1779573611248,16,ok,
1779573611468,12,ok,
1779573611684,18,ok,
1779573611906,17,ok,
1779573612127,13,ok,
1779573612344,13,ok,
1779573612561,18,ok,
1779573612783,14,ok,
1779573613001,15,ok,
1779573613220,14,ok,
1779573613438,16,ok,
1779573613658,13,ok,
1779573613875,15,ok,
1779573614094,17,ok,
1779573614316,14,ok,
1779573614534,12,ok,
1779573614750,13,ok,
1779573614967,15,ok,
1779573615186,16,ok,
1779573615406,13,ok,
1779573615623,15,ok,
1779573615843,16,ok,
1779573616064,14,ok,
1779573616282,14,ok,
1779573616500,15,ok,
1779573616719,14,ok,
1779573616936,15,ok,
1779573617155,14,ok,
1779573617373,16,ok,
1779573617593,13,ok,
1779573617810,13,ok,
1779573618028,14,ok,
1779573618246,13,ok,
1779573618463,13,ok,
1779573618680,15,ok,
1779573618898,17,ok,
1779573619119,13,ok,
1779573619335,14,ok,
1779573619553,15,ok,
1779573619772,18,ok,
1779573619994,15,ok,
1779573620213,14,ok,
1779573620431,16,ok,
1779573620651,17,ok,
1779573620872,17,ok,
1779573621093,13,ok,
1779573621309,15,ok,
1779573621527,15,ok,
1779573621746,15,ok,
1779573621965,13,ok,
1779573622182,15,ok,
1779573622400,13,ok,
1779573622617,17,ok,
1779573622838,15,ok,
1779573623057,14,ok,
1779573623275,16,ok,
1779573623495,18,ok,
1779573623717,15,ok,
1779573623936,15,ok,
1779573624156,21,ok,
1779573624382,17,ok,
1779573624603,14,ok,
1779573624821,17,ok,
1779573625043,13,ok,
1779573625261,15,ok,
1779573625480,15,ok,
1779573625699,21,ok,
1779573625925,13,ok,
1779573626143,17,ok,
1779573626364,15,ok,
1779573626583,17,ok,
1779573626804,13,ok,
1779573627021,13,ok,
1779573627238,16,ok,
1779573627459,14,ok,
1779573627677,14,ok,
1779573627895,14,ok,
1779573628113,17,ok,
1779573628334,14,ok,
1779573628552,16,ok,
1779573628772,13,ok,
1779573628989,12,ok,
1779573629205,21,ok,
1779573629430,19,ok,
1779573629653,17,ok,
1779573629875,12,ok,
1779573630091,14,ok,
1779573630309,20,ok,
1779573630534,16,ok,
1779573630753,19,ok,
1779573630976,16,ok,
1779573631197,14,ok,
1779573631416,14,ok,
1779573631635,14,ok,
1779573631853,15,ok,
1779573632073,15,ok,
1779573632293,18,ok,
1779573632515,14,ok,
1779573632734,16,ok,
1779573632954,13,ok,
1779573633171,16,ok,
1779573633391,20,ok,
1779573633615,12,ok,
1779573633831,13,ok,
1779573634047,15,ok,
1779573634266,7,error,SET rc=1: Could not connect to Valkey at 10.92.0.122:6379: Connection refused
1779573634477,13,ok,
1779573634694,14,ok,
1779573634912,14,ok,
1779573635130,2003,error,SET rc=124: 
1779573637339,23,ok,
1779573637567,20,ok,
1779573637792,19,ok,
1779573638017,25,ok,
1779573638249,2004,error,SET rc=124: 
1779573640459,30,ok,
1779573640694,19,ok,
1779573640918,19,ok,
1779573641143,2003,error,SET rc=124: 
1779573643351,20,ok,
1779573643577,20,ok,
1779573643803,18,ok,
1779573644027,22,ok,
1779573644255,2003,error,SET rc=124: 
1779573646464,19,ok,
1779573646688,20,ok,
1779573646914,21,ok,
1779573647140,20,mismatch,expected 1779573647140  got CLUSTERDOWN The cluster is down
1779573647366,19,ok,
1779573647591,18,ok,
1779573647814,19,ok,
1779573648038,20,ok,
1779573648263,20,ok,
1779573648488,22,ok,
1779573648715,21,ok,
1779573648941,18,ok,
1779573649164,22,ok,
1779573649391,23,ok,
1779573649620,21,ok,
1779573649846,15,ok,
1779573650067,31,ok,
1779573650304,22,ok,
1779573650532,21,ok,
1779573650758,19,ok,
1779573650983,20,ok,
1779573651209,21,ok,
1779573651436,18,ok,
1779573651659,19,ok,
1779573651883,19,ok,
1779573652108,21,ok,
1779573652335,19,ok,
1779573652559,20,ok,
1779573652785,20,ok,
1779573653010,20,ok,
1779573653237,20,ok,
1779573653463,19,ok,
1779573653688,21,ok,
1779573653914,28,ok,
1779573654147,18,ok,
1779573654371,18,ok,
1779573654594,39,ok,
1779573654838,18,ok,
1779573655062,23,ok,
1779573655291,17,ok,
1779573655514,20,ok,
1779573655739,19,ok,
1779573655963,18,ok,
1779573656186,19,ok,
1779573656411,20,ok,
1779573656637,26,ok,
1779573656870,19,ok,
1779573657095,20,ok,
1779573657320,19,ok,
1779573657545,21,ok,
1779573657771,17,ok,
1779573657993,18,ok,
1779573658216,21,ok,
1779573658444,18,ok,
1779573658668,21,ok,
1779573658894,24,ok,
1779573659124,18,ok,
1779573659347,19,ok,
1779573659571,17,ok,
1779573659794,18,ok,
1779573660017,20,ok,
1779573660245,18,ok,
1779573660468,19,ok,
1779573660692,18,ok,
1779573660915,19,ok,
1779573661139,18,ok,
1779573661363,18,ok,
1779573661586,20,ok,
1779573661811,22,ok,
1779573662039,20,ok,
1779573662264,19,ok,
1779573662488,20,ok,
1779573662713,20,ok,
1779573662939,20,ok,
1779573663166,18,ok,
1779573663391,18,ok,
1779573663614,18,ok,
1779573663843,20,ok,
1779573664069,23,ok,
1779573664297,20,ok,
1779573664523,20,ok,
1779573664749,20,ok,
1779573664974,18,ok,
1779573665198,20,ok,
1779573665423,20,ok,
1779573665648,18,ok,
1779573665871,20,ok,
1779573666097,17,ok,
1779573666320,21,ok,
1779573666547,22,ok,
1779573666775,18,ok,
1779573666999,18,ok,
1779573667223,22,ok,
1779573667450,19,ok,
1779573667675,21,ok,
1779573667901,21,ok,
1779573668135,17,ok,
1779573668357,21,ok,
1779573668584,21,ok,
1779573668811,21,ok,
1779573669038,21,ok,
1779573669264,21,ok,
1779573669490,17,ok,
1779573669712,19,ok,
1779573669936,16,ok,
1779573670158,18,ok,
1779573670381,18,ok,
1779573670605,31,ok,
1779573670841,20,ok,
1779573671067,85,ok,
1779573671358,20,ok,
1779573671584,20,ok,
1779573671810,18,ok,
1779573672033,17,ok,
1779573672256,18,ok,
1779573672479,18,ok,
1779573672703,19,ok,
1779573672927,17,ok,
1779573673150,19,ok,
1779573673374,21,ok,
1779573673600,20,ok,
1779573673826,21,ok,
1779573674052,20,ok,
1779573674277,21,ok,
1779573674504,17,ok,
1779573674727,19,ok,
1779573674952,20,ok,
1779573675177,19,ok,
1779573675402,21,ok,
1779573675628,19,ok,
1779573675852,21,ok,
1779573676079,20,ok,
1779573676304,23,ok,
1779573676533,18,ok,
1779573676757,29,ok,
1779573676993,18,ok,
1779573677217,22,ok,
1779573677445,20,ok,
1779573677671,21,ok,
1779573677897,18,ok,
1779573678121,18,ok,
1779573678345,19,ok,
1779573678569,19,ok,
1779573678794,21,ok,
1779573679020,21,ok,
1779573679246,19,ok,
1779573679471,26,ok,
1779573679702,18,ok,
1779573679926,21,ok,
1779573680153,19,ok,
1779573680378,18,ok,
1779573680601,17,ok,
1779573680824,20,ok,
1779573681049,20,ok,
1779573681274,20,ok,
1779573681500,20,ok,
1779573681726,19,ok,
1779573681951,20,ok,
1779573682177,18,ok,
1779573682400,20,ok,
1779573682626,20,ok,
1779573682851,20,ok,
1779573683076,23,ok,
1779573683306,23,ok,
1779573683535,19,ok,
1779573683761,24,ok,
1779573683991,21,ok,
1779573684221,39,ok,
1779573684466,19,ok,
1779573684690,23,ok,
1779573684919,19,ok,
1779573685145,20,ok,
1779573685371,22,ok,
1779573685599,18,ok,
1779573685822,16,ok,
1779573686044,21,ok,
1779573686270,20,ok,
1779573686495,22,ok,
1779573686723,20,ok,
1779573686949,18,ok,
1779573687173,20,ok,
1779573687399,20,ok,
1779573687625,21,ok,
1779573687851,17,ok,
1779573688074,20,ok,
1779573688299,20,ok,
1779573688525,19,ok,
1779573688750,19,ok,
1779573688975,19,ok,
1779573689200,21,ok,
1779573689427,20,ok,
1779573689652,18,ok,
1779573689876,21,ok,
1779573690101,20,ok,
1779573690326,23,ok,
1779573690555,19,ok,
1779573690779,20,ok,
1779573691004,20,ok,
1779573691229,22,ok,
1779573691456,19,ok,
1779573691681,21,ok,
1779573691908,19,ok,
1779573692134,19,ok,
1779573692359,18,ok,
1779573692583,20,ok,
1779573692809,19,ok,
1779573693034,18,ok,
1779573693258,20,ok,
1779573693484,25,ok,
1779573693715,22,ok,
1779573693943,18,ok,
1779573694167,21,ok,
1779573694393,19,ok,
1779573694618,20,ok,
1779573694844,19,ok,
1779573695069,25,ok,
1779573695300,19,ok,
1779573695525,19,ok,
1779573695750,22,ok,
1779573695978,19,ok,
1779573696205,23,ok,
1779573696434,19,ok,
1779573696659,22,ok,
1779573696888,23,ok,
1779573697117,20,ok,
1779573697342,20,ok,
1779573697568,21,ok,
1779573697794,21,ok,
1779573698021,24,ok,
1779573698251,19,ok,
1779573698476,19,ok,
1779573698701,17,ok,
1779573698924,18,ok,
1779573699148,20,ok,
1779573699374,19,ok,
1779573699598,18,ok,
1779573699822,17,ok,
1779573700044,18,ok,
1779573700268,24,ok,
1779573700498,22,ok,
1779573700725,34,ok,
1779573700966,18,ok,
1779573701190,24,ok,
1779573701419,20,ok,
1779573701645,21,ok,
1779573701872,19,ok,
1779573702097,20,ok,
1779573702324,22,ok,
1779573702552,20,ok,
1779573702777,20,ok,
1779573703003,17,ok,
1779573703225,20,ok,
1779573703451,20,ok,
1779573703677,21,ok,
1779573703904,19,ok,
1779573704130,19,ok,
1779573704354,18,ok,
1779573704578,20,ok,
1779573704803,21,ok,
1779573705029,18,ok,
1779573705253,18,ok,
1779573705476,23,ok,
1779573705705,19,ok,
1779573705934,34,ok,
1779573706173,22,ok,
1779573706401,21,ok,
1779573706627,22,ok,
1779573706854,19,ok,
1779573707078,19,ok,
1779573707303,19,ok,
1779573707528,20,ok,
1779573707754,20,ok,
1779573707979,19,ok,
1779573708204,23,ok,
1779573708432,20,ok,
1779573708658,25,ok,
1779573708889,20,ok,
1779573709115,18,ok,
1779573709339,19,ok,
1779573709563,21,ok,
1779573709789,18,ok,
1779573710013,18,ok,
1779573710236,19,ok,
1779573710461,20,ok,
1779573710687,23,ok,
1779573710916,18,ok,
1779573711140,20,ok,
1779573711366,19,ok,
1779573711591,17,ok,
1779573711814,19,ok,
1779573712038,21,ok,
1779573712265,17,ok,
1779573712488,21,ok,
1779573712715,19,ok,
1779573712940,19,ok,
1779573713165,19,ok,
1779573713390,20,ok,
1779573713615,20,ok,
1779573713841,20,ok,
1779573714067,20,ok,
1779573714293,19,ok,
1779573714518,19,ok,
1779573714742,21,ok,
1779573714969,21,ok,
1779573715197,24,ok,
1779573715427,18,ok,
1779573715650,22,ok,
1779573715878,21,ok,
1779573716105,19,ok,
1779573716330,19,ok,
1779573716555,21,ok,
1779573716782,17,ok,
1779573717005,20,ok,
1779573717231,19,ok,
1779573717455,19,ok,
1779573717680,19,ok,
1779573717905,19,ok,
1779573718129,19,ok,
1779573718354,19,ok,
1779573718578,22,ok,
1779573718806,20,ok,
1779573719031,21,ok,
1779573719258,20,ok,
1779573719484,20,ok,
1779573719711,18,ok,
1779573719934,17,ok,
1779573720156,17,ok,
1779573720379,17,ok,
1779573720602,20,ok,
1779573720828,21,ok,
1779573721055,22,ok,
1779573721282,18,ok,
1779573721506,24,ok,
1779573721735,21,ok,
1779573721961,24,ok,
1779573722191,19,ok,
1779573722416,20,ok,
1779573722641,19,ok,
1779573722866,21,ok,
1779573723093,20,ok,
1779573723320,21,ok,
1779573723547,19,ok,
1779573723772,19,ok,
1779573723996,21,ok,
1779573724224,21,ok,
1779573724450,20,ok,
1779573724676,19,ok,
1779573724901,20,ok,
1779573725127,19,ok,
1779573725352,17,ok,
1779573725575,20,ok,
1779573725800,22,ok,
1779573726028,20,ok,
1779573726254,23,ok,
1779573726482,21,ok,
1779573726708,22,ok,
1779573726935,21,ok,
1779573727161,20,ok,
1779573727386,21,ok,
1779573727613,18,ok,
1779573727837,20,ok,
1779573728063,19,ok,
1779573728287,19,ok,
1779573728512,19,ok,
1779573728736,20,ok,
1779573728962,19,ok,
1779573729187,19,ok,
1779573729412,22,ok,
1779573729639,21,ok,
1779573729865,18,ok,
1779573730089,20,ok,
1779573730316,19,ok,
1779573730540,20,ok,
1779573730765,31,ok,
1779573731002,20,ok,
1779573731227,22,ok,
1779573731455,23,ok,
1779573731684,19,ok,
1779573731909,19,ok,
1779573732134,18,ok,
1779573732357,21,ok,
1779573732584,21,ok,
1779573732812,19,ok,
1779573733037,19,ok,
1779573733262,19,ok,
1779573733486,19,ok,
1779573733710,21,ok,
1779573733937,18,ok,
1779573734160,22,ok,
1779573734387,18,ok,
1779573734610,20,ok,
1779573734836,20,ok,
1779573735062,21,ok,
1779573735289,19,ok,
1779573735513,18,ok,
1779573735736,19,ok,
1779573735961,21,ok,
1779573736188,19,ok,
1779573736413,19,ok,
1779573736636,21,ok,
1779573736863,19,ok,
1779573737088,21,ok,
1779573737315,21,ok,
1779573737542,24,ok,
1779573737772,19,ok,
1779573737996,22,ok,
1779573738223,18,ok,
1779573738446,20,ok,
1779573738671,21,ok,
1779573738897,21,ok,
1779573739123,19,ok,
1779573739347,18,ok,
1779573739571,19,ok,
1779573739796,21,ok,
1779573740022,20,ok,
1779573740248,18,ok,
1779573740471,20,ok,
1779573740696,17,ok,
1779573740919,20,ok,
1779573741144,20,ok,
1779573741369,21,ok,
1779573741595,19,ok,
1779573741820,23,ok,
1779573742049,19,ok,
1779573742273,20,ok,
1779573742499,18,ok,
1779573742723,18,ok,
1779573742946,20,ok,
1779573743172,20,ok,
1779573743398,20,ok,
1779573743623,23,ok,
1779573743852,21,ok,
1779573744078,20,ok,
1779573744304,20,ok,
1779573744529,20,ok,
1779573744755,19,ok,
1779573744979,19,ok,
1779573745204,23,ok,
1779573745433,19,ok,
1779573745658,17,ok,
1779573745881,19,ok,
1779573746106,21,ok,
1779573746332,19,ok,
1779573746557,19,ok,
1779573746782,27,ok,
1779573747016,21,ok,
1779573747242,20,ok,
1779573747468,21,ok,
1779573747695,20,ok,
1779573747921,19,ok,
1779573748146,19,ok,
1779573748370,21,ok,
1779573748597,23,ok,
1779573748825,23,ok,
1779573749053,24,ok,
1779573749283,20,ok,
1779573749509,18,ok,
1779573749733,18,ok,
1779573749956,16,ok,
1779573750178,19,ok,
1779573750402,20,ok,
1779573750628,20,ok,
1779573750854,20,ok,
1779573751079,18,ok,
1779573751302,19,ok,
1779573751530,21,ok,
1779573751757,19,ok,
1779573751982,20,ok,
1779573752208,25,ok,
1779573752440,19,ok,
1779573752665,20,ok,
1779573752891,19,ok,
1779573753115,19,ok,
1779573753340,20,ok,
1779573753565,20,ok,
1779573753791,20,ok,
1779573754017,19,ok,
1779573754241,20,ok,
1779573754468,19,ok,
1779573754692,21,ok,
1779573754919,19,ok,
1779573755143,19,ok,
1779573755368,20,ok,
1779573755594,18,ok,
1779573755818,18,ok,
1779573756042,18,ok,
1779573756266,19,ok,
1779573756490,21,ok,
1779573756716,20,ok,
1779573756941,22,ok,
